joiner,ai có thể tham gia mùa hè xanh vậy 
joiner,ai được tham gia mùa hè xanh vậy
joiner,ai tham gia được mùa hè xanh nhỉ
activity,bạn biết gì về mùa hè xanh không
register,bạn chỉ mình đăng ký mùa hè xanh với
contact,bạn cho mình biết cách liên lạc ban tổ chức đi
activity,bạn cho mình biết chi tiết về mùa hè xanh đi
register,bạn cho mình hỏi về cách thức đăng kí mùa hè xanh
register,bạn cho mình xin cách đăng ký mùa hè xanh với ạ 
register,bạn cho mình xin form đăng kí tham gia mùa hè xanh không
register,bạn cho mình xin link đăng ký mùa hè xanh được không ạ
activity,bạn có biết thông tin về mùa hè xanh không
activity,bạn có biết về mùa hè xanh không
activity,bạn có thể cho mình một số thông tin về mùa hè xanh năm nay được không
contact,bạn có thể cho mình thông tin liên hệ của mùa hè xanh không ạ
activity,bạn có thể cho mình xin toàn bộ thông tin về mùa hè xanh được không 
activity,bạn có thể cung cấp cho mình một số thông tin về mùa hè xanh không
contact,bạn có thông tin liên hệ cho mùa hè xanh không ạ 
works,bạn có thông tin về công việc trong hoạt động mùa hè xanh của khoa hóa học không 
activity,bạn có thông tin về mùa hè xanh không 
activity,bạn có thông tin về mùa hè xanh năm nay không cho mình xin với
activity,bạn giới thiệu mình về mùa hè xanh đi
activity,bạn kể cho mình biết về mùa hè xanh được không
activity,bạn ơi cho mình hỏi mùa hè xanh là gì ạ 
activity,bạn ơi cho xin hết thông tin về mùa hè xanh với 
contact,bạn ơi mình liên hệ ai để lấy thêm thông tin vậy 
activity,bạn ơi mình muốn hỏi thông tin về mùa hè xanh á
contact,bạn ơi mình thích mùa hè xanh thì hỏi thêm thông tin ở đâu nhỉ
activity,bạn ơi mùa hè xanh là gì vậy ạ 
activity,bạn ơi mùa hè xanh là sao ạ
register,các bước để đăng ký dự mùa hè xanh bạn biết không
contact,cách liên lạc để tham gia mùa hè xanh sắp tới 
contact,cách liên lạc với ban tổ chức mùa hè xanh
works,cần làm những công việc gì khi tham gia mùa hè xanh vậy bạn
activity,chào bạn mình muốn hỏi về mùa hè xanh sắp tới á
register,chỉ mình cách đăng kí mùa hè xanh với 
works,cho hỏi mùa hè xanh công việc cụ thể là như nào vậy 
works,cho mình biết về các công việc trong mùa hè xanh đi 
contact,cho mình cái  thông tin liên hệ ban tổ chức mùa hè xanh đi bạn
register,cho mình hỏi cách đăng kí tham gia mùa hè xanh
register,cho mình hỏi cách đăng ký mùa hè xanh
activity,cho mình hỏi chút về mùa hè xanh với
activity,cho mình hỏi chút về việc tham gia mùa hè xanh với
works,cho mình hỏi đi mùa hè xanh là phải làm gì vậy bạn 
works,cho mình hỏi đi mùa hè xanh thì làm gì nhỉ 
joiner,cho mình hỏi đối tượng tham gia mùa hè xanh là ai ạ 
joiner,cho mình hỏi đối tượng tham gia mùa hè xanh là ai ạ 
works,cho mình hỏi khi đi chiến dịch mùa hè xanh thì làm cái gì vậy bạn 
register,cho mình hỏi làm sao đăng ký tham gia mùa hè xanh vậy
activity,cho mình hỏi một số thông tin về mùa hè xanh đi ạ
contact,cho mình hỏi một tí là nếu mình muốn tham gia thì cần trao đổi với người nào thế 
joiner,cho mình hỏi mùa hè xanh đối tượng tham gia gồm những ai bạn ơi  
works,cho mình hỏi mùa hè xanh là làm gì vậy 
joiner,cho mình hỏi mùa hè xanh sắp tới cho những ai tham gia vậy
works,cho mình hỏi những công việc sẽ làm trong mùa hè xanh với
joiner,cho mình hỏi những người được đi mùa hè xanh là ai vậy ạ 
activity,cho mình hỏi thêm một số thông tin về mùa hè xanh với ạ
contact,cho mình hỏi thông tin liên hệ của mùa hè xanh
activity,cho mình hỏi thông tin về mùa hè xanh 
works,cho mình hỏi thông tin về những việc cần làm trong mùa hè xanh nha bạn
register,cho mình xin form đăng ký mùa hè xanh sắp tới 
contact,cho mình xin thông tin ban tổ chức mùa hè xanh 
works,cho mình xin thông tin công việc của mùa hè xanh
contact,cho mình xin thông tin liên hệ của mùa hè xanh
activity,cho mình xin thông tin về mùa hè xanh với
register,cho tui hỏi thông tin đăng ký của mùa hè xanh với bạn 
joiner,cho xin thông tin đối tượng tham gia mùa hè xanh
register,cho xin thông tin ghi danh tham dự mùa hè xanh với nha 
joiner,cho xin thông tin về đối tượng tham gia của hoạt động mùa hè xanh
contact,có ai để mình hỏi thêm về mùa hè xanh không
works,có những hoạt động nào trong mùa hè xanh nhỉ
works,có những việc gì cần làm trong mùa hè xanh vậy bạn nhỉ 
works,có những việc gì làm khi tham gia mùa hè xanh ạ
works,có những việc gì trong mùa hè xanh vậy
joiner,có yêu cầu gì cho người tham gia mùa hè xanh không
contact,còn liên hệ ai để hỏi về mùa hè xanh
works,công việc khi đi mùa hè xanh là gì
register,đăng kí mùa hè xanh như thế nào
register,đăng kí tham gia mùa hè xanh thì phải làm sao ạ
register,đăng ký mùa hè xanh thế nào vậy
contact,để biết thêm về mùa hè xanh thì liên hệ ai vậy
contact,để biết thông tin về mùa hè xanh mình liên hệ ai nhỉ
works,đi mùa hè xanh có gì làm không bạn
works,đi mùa hè xanh là làm gì bạn
register,đi mùa hè xanh sắp tới thì đăng ký làm sao 
register,đi mùa hè xanh thì đăng ký như thế nào vậy bạn
works,đi mùa hè xanh thì làm gì 
register,đi mùa hè xanh thì làm sao mới đăng kí được
works,đi mùa hè xanh thì mình thường làm những công việc gì 
joiner,điều kiện để tham gia mùa hè xanh là gì  
joiner,đối tượng được tham gia mùa hè xanh gồm những ai
joiner,đối tượng được tham gia mùa hè xanh là ai nhỉ
joiner,đối tượng tham gia mùa hè xanh là những ai
activity,em muốn hỏi về mùa hè xanh
contact,giờ muốn biết thêm về mùa hè xanh thì hỏi ai bạn nhỉ
register,giờ muốn đăng kí vào mùa hè xanh thì làm thế nào nhỉ
works,gửi cho mình thông tin công việc của mùa hè xanh
contact,hỏi ai thì biết thêm thông tin mùa hè xanh 
activity,kể cho mình nghe về mùa hè xanh với
works,khi tham gia mùa hè xanh thì mình làm những gì
works,khi tham gia mùa hè xanh thì mình sẽ làm những công việc gì ạ
register,làm sao để đăng kí mùa hè xanh
contact,làm sao liên hệ ban tổ chức mùa hè xanh
register,làm sao mình tham gia mùa hè xanh nhỉ
joiner,mà mùa hè xanh cho những đối tượng nào tham gia vậy
contact,mình cần được ban tổ chức mùa hè xanh tư vấn thêm một số thông tin ạ 
contact,mình cần liên hệ với bạn nào vậy bạn
works,mình cần một số thông tin về công việc cần làm trong mùa hè xanh
activity,mình cần một số thông tin về mùa hè xanh
contact,mình cần thông tin liên hệ để hỏi về việc tham gia mùa hè xanh sắp tới ạ 
activity,mình cần thông tin về mùa hè xanh nha 
joiner,mình có cần điều kiện gì để tham gia mùa hè xanh không ạ 
contact,mình có một vài thắc mắc về mùa hè xanh thì có thể liên lạc với ai để được giải đáp vậy
contact,mình có thể liên hệ ai để hỏi về mùa hè xanh vậy
contact,mình có việc cần liên hệ gấp với btc mùa hè xanh
contact,mình đang cần thông tin liên hệ ban tổ chức mùa hè xanh
register,mình đăng kí tham gia mùa hè xanh bằng cách nào
register,mình định tham gia mùa hè xanh
works,mình được làm cái gì khi tham gia mùa hè xanh vậy bạn 
joiner,mình không biết đối tượng củ thể mà mùa hè xanh muốn hướng tới là ai
works,mình làm gì khi tham gia mùa hè xanh
joiner,mình muốn biết đối tượng được tham gia mùa hè xanh
contact,mình muốn biết nhiều hơn về mùa hè xanh thì hỏi ai bây giờ
activity,mình muốn biết thêm thông tin về mùa hè xanh
register,mình muốn đăng kí mùa hè xanh cần làm gì nhỉ
joiner,mình muốn đăng ký tham gia mùa hè xanh thì cần điều kiện gì
activity,mình muốn tham gia mùa hè xanh lắm nên cho mình xin thông tin nghen 
joiner,mình muốn tham gia mùa hè xanh thì cần điều kiện gì
joiner,mùa hè xanh ai có thể tham gia ạ
joiner,mùa hè xanh cho ai tham gia 
register,mùa hè xanh đăng kí ở đâu
register,mùa hè xanh mình đăng ký tham gia làm sao 
contact,mùa hè xanh mình muốn thêm thông tin thì liên hệ ai ạ
register,mùa hè xanh muốn tham gia thì đăng ký sao vậy 
contact,muốn đi mùa hè xanh sắp tới thì hỏi ai 
joiner,muốn tham gia mùa hè xanh thì cần điều kiện gì
contact,muốn tham gia mùa hè xanh thì mình nên liên hệ ai vậy bạn
joiner,những ai có thể tham gia mùa hè xanh ạ
joiner,những ai được tham dự mùa hè xanh vậy bạn 
joiner,những ai được tham gia mùa hè xanh nhỉ
joiner,những điều kiện để tham gia mùa hè xanh là gì
register,tham dự mùa hè xanh thì mình cần đăng ký ra sao bạn 
joiner,tham gia mùa hè xanh gồm những ai
joiner,tham gia mùa hè xanh gồm những người nào
joiner,tham gia mùa hè xanh gồm những thành phần nào
register,tham gia mùa hè xanh thì đăng kí như thể nào ạ
works,vậy mùa hè xanh cụ thể thì làm gì vậy bạn 
joiner,vậy mùa hè xanh đối tượng tham gia gồm những ai vậy bạn ơi 
contact,vậy thì để biết thêm về mùa hè xanh cần trao đổi với người nào vậy ạ
activity,vui lòng cung cấp cho mình thông tin về mùa hè xanh
name_place,cho mình hỏi mùa hè xanh diễn ra tại đâu vậy
name_place,cho mình hỏi địa điểm diễn ra mùa hè xanh
name_place,mùa hè xanh diễn ra tại chỗ nào
name_place,mùa hè xanh diễn ra ở đâu vậy
name_place,cho mình hỏi địa điểm của mùa hè xanh
name_place,cho mình hỏi mùa hè xanh diễn ra tại địa điểm nào
name_place,cho mình hỏi chỗ diễn ra mùa hè xanh đi
name_place,cho hỏi nơi diễn ra mùa hè xanh đi bạn
name_place,mùa hè xanh diễn ra tại đâu thế
name_place,cho mình hỏi là nơi nào diễn ra mùa hè xanh thế
address,cho mình hỏi địa chỉ diễn ra mùa hè xanh với
address,bạn cho mình xin cách đăng ký mùa hè xanh với ạ 
address,cho mình hỏi mùa hè xanh diễn ra ở địa chỉ nào
address,địa chỉ nào diễn ra mùa hè xanh thế
address,cho mình xin thông tin địa chỉ của mùa hè xanh
address,admin cho mình xin thông tin địa chỉ của mùa hè xanh đi
type_activity,cho mình hỏi loại hoạt động của mùa hè xanh là gì
type_activity,cho mình xin thông tin loại hoạt động của mùa hè xanh với
type_activity,mùa hè xanh thuộc kiểu hoạt động gì vậy
type_activity,mùa hè xanh là loại hoạt động kiểu gì
type_activity,cho mình hỏi mùa hè xanh là hoạt động thuộc loại nào
type_activity,cho mình xin thông tin kiểu hoạt động của mùa hè xanh được không
type_activity,cho mình hỏi mùa hè xanh là hoạt động thuộc loại gì
name_activity,cho mình xin tên hoạt động có 2 ngày ctxh với
name_activity,cho mình xin tên hoạt động nào là hội trại đi bạn
name_activity,cho mình hỏi tên hoạt động nào cuộc thi thế
name_activity,tên hoạt động là chương trình là các hoạt động nào vậy
name_activity,cho mình xin tên các hoạt động là chương trình đi
name_activity,cho mình xin thông tin các tên hoạt động là cuộc thi đi bạn
time,cho mình xin thông tin thời gian của mùa hè xanh
time,cho mình hỏi mùa hè xanh diễn ra vào thời gian nào
time,mùa hè xanh diễn ra vào lúc nào vậy
time,cho hỏi mùa hè xanh diễn ra vào khi nào thế
time,cho mình hỏi mùa hè xanh diễn ra là vào lúc nào
time,mình muốn biết thời gian diễn ra của hoạt động mùa hè xanh
time,mình muốn xin thông tin thời gian của mùa hè xanh á
holder,cho mình hỏi ban tổ chức mùa hè xanh là ai
holder,cho mình xin thông tin btc của mùa hè xanh với
holder,mùa hè xanh do đơn vị nào tổ chức vậy
holder,cho xin thông tin đơn vị tổ chức mùa hè xanh với
holder,ai tổ chức mùa hè xanh vậy
holder,đơn vị nào tổ chức mùa hè xanh thế
holder,ban tổ chức mùa hè xanh là ai
reward,đi mùa hè xanh thì được thứ gì
reward,đi mùa hè xanh thì được thưởng gì
reward,cho mình hỏi đi mùa hè xanh thì được lợi gì
reward,đi mùa hè xanh thì được cái gì thế
reward,vậy đi mùa hè xanh có lợi gì
reward,cho mình hỏi đi mùa hè xanh thì được thứ gì vậy
reward,cho mình hỏi đi mùa hè xanh có ích gì thế
address,địa chỉ điễn ra mùa hè xanh là ở quận 10 phải không bạn
address,cho mình hỏi địa chỉ điễn ra mùa hè xanh là ở vĩnh hòa phải không bạn
contact,muốn đi mùa hè xanh thì liên hệ cô hoài phương phải không bạn
contact,liên hệ ban điều hành đội để đi mùa hè xanh phải không
holder,mùa hè xanh là do khoa kh và kt máy tính tổ chức phải không
holder,ban tổ chức mùa hè xanh là khoa kh và kt máy tính tổ chức đúng không
holder,đơn vị tổ chức mùa hè xanh là khoa kh và kt máy tính đúng không
joiner,sinh viên khoa máy tính có được tham gia mùa hè xanh không
joiner,sinh viên khoa máy tính được đi mùa hè xanh không bạn
name_place,mùa hè xanh là diễn ra ở cơ sở 2 đh bách khoa phải không
name_place,cơ sở 2 đh bách khoa là nơi diễn ra mùa hè xanh phải không bạn
name_place,nơi diễn ra mùa hè xanh có phải cơ sở 2 đh bách khoa không
reward,đi mùa hè xanh là được 2 ngày ctxh phải không
reward,đi mùa hè xanh có được ngày ctxh không bạn
reward,đi mùa hè xanh là được điểm rèn luyện phải không
time,mùa hè xanh là diễn ra vào cuối tháng 8 phải không bạn
time,mùa hè xanh là diễn ra lúc 8h ngày 20/11/2020 phải không bạn
type_activity,mùa hè xanh là loại hoạt động tình nguyện phải không bạn
type_activity,cho mình hỏi mùa hè xanh thuộc loại hoạt động tình nguyện phải không bạn
works,đi mùa hè xanh là phụ cơm nước và chuẩn bị bàn ghế đúng không bạn
works,công việc ở mùa hè xanh là mình phụ dọn dẹp nhà đúng không bạn
